idx,title,link
1,즁즁즁 징징징 후루루 짭짭.. | 중고악기 뮬,https://cdn.mule.co.kr/data/thumb/2020/10/19/54183a00-11ec-11eb-9180-71d50c194239.jpg
2,여수게장맛집 불고기에 후루루짭짭,http://post.phinf.naver.net/MjAxNzA3MTNfNDYg/MDAxNDk5OTExNDY2Mjk3.FTdumv5fGDI4h4pdPvfqtBIxUuiCTK9etldCb0jCVHYg.02IZco4RpjeSo63LhF1wfiH6bHnub70PkGcoeDSN8hYg.JPEG/IeoTLVtADjmZXGuhfda2vXtoJO14.jpg
3,여수게장맛집 불고기에 후루루짭짭,http://post.phinf.naver.net/MjAxNzA3MTNfNDgg/MDAxNDk5OTExNDk5MjQ4.ifoxFx3_2QuTNfwZL7WCxe0wGrySPV8f921-3YDSKgYg.Uv4PZR2g7wn8ECIleU9qCx6MCAQPgcOJGUq0zNArmK0g.JPEG/IAVhTdDXOMM2p42IGJrCoHaqR_-U.jpg
4,여수게장맛집 불고기에 후루루짭짭,http://post.phinf.naver.net/MjAxNzA3MTNfMTAy/MDAxNDk5OTExMzUwOTEz.3PgkhuQJBAz4vOudKy43m0Y-qVnu5Kwb2HoZB4YAKoQg.8Yn-jjK9eVmuci0zrWepwV8Rm6gnYcxsBH1TcCeQ_i4g.JPEG/IeAUI52zfBEUyk7aN6moKJOE_yY8.jpg
5,여수게장맛집 불고기에 후루루짭짭,http://post.phinf.naver.net/MjAxNzA3MTNfMjU2/MDAxNDk5OTExNTMxNTE5.Lg940AFo3S9pY4hhoFmguPUuzxSOXbgRm9al_RWfZJog.XBoT1sgkUKfsP3WRPbPAJnI8LrHeoWuKd21diCALPnEg.JPEG/I2YPfRztKwFFoNQlZvPcY9AlMVPc.jpg
6,여수게장맛집 불고기에 후루루짭짭,http://post.phinf.naver.net/MjAxNzA3MTNfOSAg/MDAxNDk5OTExNDgzMzY3.1sXbmK5GxbJ8eweVh3C3NuqCkOLZA88bUhW2Jd9R0Q4g.uoUQQVXQbdkAVwGJ08ycWYSr9J9tpbCkHLcH-MAlIbgg.JPEG/IYOjoNZC0wIGPfd9d2M9_0eb08wA.jpg
7,여수게장맛집 불고기에 후루루짭짭,http://post.phinf.naver.net/MjAxNzA3MTNfMTQy/MDAxNDk5OTExMjAwMzE4.QHMN3-R-Navvp70WIa3c_pXKqzAC39jFdRMQHQR_pP8g.0oymFzV-qAD8R_wIeikLQt8pCue0P01Ia8_QNM_7Qwsg.JPEG/I4G2BCxWHGW7U_stT7hazDq4A5XQ.jpg
8,여수게장맛집 불고기에 후루루짭짭,http://post.phinf.naver.net/MjAxNzA3MTNfMjA2/MDAxNDk5OTExNDIyMzA4.C3FRWXwu4okvYSAeEZv2JuPhQbVlhy4p_lj6aQfUwvYg.Q2OjgMPAzP3B0PSeq_5gfMWfZqt1dgVNEEZjx6Vw_80g.JPEG/IwNvsZTmGBsPUy58z7Qatpt7tv7I.jpg
9,여수게장맛집 불고기에 후루루짭짭,http://post.phinf.naver.net/MjAxNzA3MTNfMTY1/MDAxNDk5OTExMzgyNzQ5.aty8_88jevowZoIdZTpACUoNXBT13-CiXLHMHxPFU7Eg.W0VItAny7gfxHuPS4i0ppWyRpshbhtwxSmykuYl0sMkg.JPEG/IIou31PhJHbbfbYZfeKhIsBZZ6Vs.jpg
10,여수게장맛집 불고기에 후루루짭짭,http://post.phinf.naver.net/MjAxNzA3MTNfMTcw/MDAxNDk5OTExMzM1NzY2.DYqQDqf8Wb13_tLGiTUrbmxNqMoYUp_u39eo1XPsIKQg.hg8LVboygFymPD3sfd6tGX5X5L-WIJK7y3f7-qFokQ8g.JPEG/IF-OtFebSeAi03ZbN-cikl3kxnkg.jpg
11,여수게장맛집 불고기에 후루루짭짭,http://post.phinf.naver.net/MjAxNzA3MTNfNTAg/MDAxNDk5OTExMTgyMzE3.KVyzmt47qUW1SrUDMGRnC_tcfrpW7YrCFfPZnfRvLQ4g.GQssE7Xt7Rk794IZdGSikBdur3QekmKcUcL6QDgL0rgg.JPEG/Iw_uL-9Y-XOFg_gCshPoO6LbZoS8.jpg
12,여수게장맛집 불고기에 후루루짭짭,http://post.phinf.naver.net/MjAxNzA3MTNfNDUg/MDAxNDk5OTExMjg3OTEx.Be4VYqUv12Fi3Zq_s4RzRToSb86s-DtQeYHvMVLFm6Eg.4JMPrYVkoOpOBAqW0MbyGOF7KSoCTRDa0Kqsgu3WWdUg.JPEG/IzSfEVYUbKhg3z3bsIzLq-oQ_FYw.jpg
13,여수게장맛집 불고기에 후루루짭짭,http://post.phinf.naver.net/MjAxNzA3MTNfMjQ0/MDAxNDk5OTExMjU4NDE1.KiWRQRMEeSbxitNAwzIUzKbUqQ6s9vOg5bolHsNqzGQg.rMsbRSKXbjeXCIieMxUJQnXQ759W-dVhfE2aeo_M1acg.JPEG/IWiyiAlrJfa_zoankLG2-C2kbgeE.jpg
14,후루루짭짭년 - 스톤에이지 온감 :: 스크린샷 갤러리 - 온감,http://ongam.com/files/attach/images/8851/485/911/015/998a6883aa73d12a4488583689ca5214.JPG
15,여수게장맛집 불고기에 후루루짭짭,http://post.phinf.naver.net/MjAxNzA3MTNfMTk1/MDAxNDk5OTExNDUxMDk2.0WGq-WqX_sFiQ9I3BeSk-pEkpG2xO5NtOCsmZYzXGxIg.Qw62FGVqVcFJ1CDRmr9dzrXcfiDE_eLW_J7ogIrvJQgg.JPEG/IoxUgBeHCSu3KXca1_2-F4-II2Hc.jpg
16,후루루 짭짭 맛 좋은 국수 한그릇? : 교육 : 사회 : 뉴스 : 한겨레 후루루 짭짭 맛 좋은 국수 한그릇?,http://img.hani.co.kr/imgdb/resize/2007/0412/117628099742_20070412.JPG
17,"◈삿포로 미소 라멘◈일본 삿포로 미소 라멘,일본라멘,일본 삿포로 라멘,일본 된장 라멘,일본 삿포로 된장 라멘,후루루 짭짭 맛좋은 삿포로 미소(된장) 라멘 : 선호본고장상회",http://shop1.phinf.naver.net/20140725_286/sunhopx5945_14062885025649x2JE_JPEG/12909513123520054_-976262654.jpg
18,여수게장맛집 불고기에 후루루짭짭,http://post.phinf.naver.net/MjAxNzA3MTNfMTg4/MDAxNDk5OTExMjczMzU4.EKUIeyDNH-Y7s6IqYHSlNFNo5tWurvElwTb76LYVcaMg.rH7bY2EogCZO3VrIqq-Jew_fDl-IeJo3hJeKAGvzzMEg.JPEG/I7hcN_YNdlk9xNK568BQ-pEBCug4.jpg
19,여수게장맛집 불고기에 후루루짭짭,http://post.phinf.naver.net/MjAxNzA3MTNfNjMg/MDAxNDk5OTExMzY2MjM2.DLjSTReFX_px743ecRvQgSp_ap0P_E70b13lcW-qMGwg.RiXGSslv6Be-wo8jHn6k0RRx6HH5-tL9JZ-2OW9ejDYg.JPEG/I3U3okZWyOBx1tygdsaXncCTzt5s.jpg
20,대구 해물요리 끝판왕,http://post.phinf.naver.net/MjAxNzA0MjVfOTkg/MDAxNDkzMDg2ODgxMDQ3.dD3t-OG1euvw8cMYeQtiIlyUL3Gbbx2StbJkb1qUaP0g.s-2heioDpQXWg8XijDt0h3EHxoVCuzE4ceeru8luMCcg.JPEG/IHYtF45LY4dUVWK7uaN6brBhDbME.jpg
21,여수게장맛집 불고기에 후루루짭짭,http://post.phinf.naver.net/MjAxNzA3MTNfNzkg/MDAxNDk5OTExMTU4MTQz.eVQD1sXoxilU3D2U2APn8hP14Fqndn07h3GVbB9I-Mgg.Q8U3skBnvz3bZvBolAhSpivs1IE9ms_IVy7y8th7cl0g.JPEG/IGBMswPC0eOBeWhN8_zLAYmVHWIU.jpg
22,정체 불명 라면 후루루 짭짭 #멍때리는여자(사진)...더보기,http://user-generated.around.so/pictures/lP2o6vgyZW
23,의정부칼국수이레네칼국수,http://post.phinf.naver.net/20160829_31/1472447717931LHSSN_JPEG/IeA8nOg-SX3es6qXpi7rJz2Eax-o.jpg
24,"익스트림무비 - 저녁... 장어덮밥, 지라시스시",https://extmovie.maxmovie.com/xe/files/attach/images/148/562/252/021/46075e2eb29aaf4280500882dc0d4ffb.jpg
25,지사동 맛집 busan 뽈탕 ,http://post.phinf.naver.net/MjAxNzA1MjVfMTAw/MDAxNDk1Njc1OTYzMTUz.xFq2cvpIFdCecLYVyI7kkUnAu0gj0ta_wvkjds7JhGkg.8kJordpV8fHSskTzqJa7wo_TelTUJOZgfQbyU1kJgqQg.JPEG/IEdxw-2bJBEiIMpuU_rZnuwwS36M.jpg
26,가평닭갈비 매콤달콤고소,http://post.phinf.naver.net/MjAxNzAyMTBfMTgz/MDAxNDg2NjkxNzAyNjYx.CS0UbpchlJDiBUigCmuN3f8qGgBvjBdnhlhthV2JJBMg.Kn0GTQnUm5_8Kldt6wDneu9VTpCksX7tpAxDZ6r_csog.JPEG/Iss0DS4gAoslFKTyTcftlEp2qhjk.jpg
27,너무 늦게 알아버렸네요 지금이라도 알게 (사진)...더보기,http://user-generated.around.so/pictures/thumb-lP2o6vgyZW
28,[광명 김치찌개 맛집]하안동 발쌈탕!!,http://post.phinf.naver.net/MjAxNzEyMTNfMTE1/MDAxNTEzMTQ0NTAyODA4.ZFwn6HNY1mSmQny1iEb6sJpTfDfJhRQWhh6mzKBZqa8g.D4PI2dlpDA0MXtubTyE223qHjiriZ_JrDexpnWhgqwEg.JPEG/I8Kjn9Ncq1z-GPmLto2KkikgAhss.jpg
29,베트남쌀국수저렴한곳:) 바푸리포 가성비의 극치♡,http://post.phinf.naver.net/MjAxNzA3MDRfMjYw/MDAxNDk5MTI5NDU1Nzg4.Rxef-UGV59EJc465-qChSpYW_UZH4hr1LOXOGRYfEAAg.15FjmLapumJeO23bKMfAMLZxg-DWnwjFNKjTr_tx6Cwg.JPEG/IhD1U_xiQVRBDF_yDURg3CeXwykA.jpg
30,(감성육아) 함백산 가족여행,http://post.phinf.naver.net/MjAxNzA0MDVfMjQw/MDAxNDkxMzg0ODMwNTMw.dzZ9zEavW06wQiltDXEmvJOGKHMnkqP8mCnXTZtNCIwg.xRkMDUbrqUh7LP3CV3C00XfOtCn991yNOQZidF6OG4Ag.JPEG/IO6N4INWXu3sFN9v8o5rtQFzZlB8.jpg
31,베트남쌀국수저렴한곳:) 바푸리포 가성비의 극치♡,http://post.phinf.naver.net/MjAxNzA3MDRfMTM5/MDAxNDk5MTI5NDU1MjM5.Y-Pf05fTjSXX5qgyMYRYMCzNujJRPY-UL0u1wNuq92sg.kix0NkMtigX-KKBuGDaae4mFSw1XbIHrkXUoj3sdnL4g.JPEG/IjQbifQmO1ZPfYLV3XdIbxt4TDY4.jpg
32,강남역 맛집:) 짬뽕 맛있는 곳~~♡,http://post.phinf.naver.net/MjAxNzA4MTBfMTEx/MDAxNTAyMzMyMTc5MDkz.W-4eyM9hanXj2529hbSwMVD0tik1LxzB_RWuBORqyfcg.tmwE5RiNfO7w8T4FZnbLB9p-wV4vRSa8dZZMKPo-enYg.JPEG/IKFxAmV0_Aik5hTz-JYVCzBSiOtU.jpg
33,부평 쌀국수 완전시원해!,http://post.phinf.naver.net/MjAxNzA0MjFfMjY2/MDAxNDkyNzQwNTk0OTI1.tQAI3R8W1zHDsEYVZKZGgo7yFqiPliPPphJbEnGc_B0g.DVjvhMOXTP-fe_GZpzdgRxf16wTQX2Dfv_TsCj9bXS4g.JPEG/ItPhhXoUMiXGVcu0IxK3__sh3Xps.jpg
34,외방커뮤니티 > 요리방 > 처음으로 만든 강장파스타야!! 박有천,http://i48.tinypic.com/2rp90rd.jpg
35,간짜장을 먹고 딥빡침 | 음식 갤러리 | 루리웹 모바일,http://i3.ruliweb.com/img/16/09/12/1571da0c249131f07.jpg
36,강남역 맛집:) 짬뽕 맛있는 곳~~♡,http://post.phinf.naver.net/MjAxNzA4MTBfMjQw/MDAxNTAyMzMyMTc5MDAy.kmQM6jAGAgyn5jysOT74-31agt3Kv5lby1w1j-TSgGQg.55kJVjuyYMCGt9cCf4G-wrx21qNS5BRVQXuzoFWcpf0g.JPEG/IVYVU8Lpo5GQhDAY2RBWZuaX9rEA.jpg
37,[광명 김치찌개 맛집]하안동 발쌈탕!!,http://post.phinf.naver.net/MjAxNzEyMTNfMjUg/MDAxNTEzMTQ0NTg0NDk3.85osUqIinfzWN_FrbZP_gnubbLAF19VWmtfHGn0wl3Yg.-5zSraj5hizMsOivZHCbm7638c98081iRa6ZcDFMa5Ag.JPEG/I76myQe-19Xgmfgv4sMjFt-Qijd0.jpg
38,광교맛집 포장 가능해서 좋아요~^^,http://post.phinf.naver.net/MjAxNzA4MjNfNTYg/MDAxNTAzNDY0MTI1OTI3.s5gi2el9smSpwEs1bMKc_M2Ce1uX7YrcWQC9GTGOFGkg.AB6lWS3izuIvPk8T82paAlPcYktUJPlXjkcD0qVHHbIg.JPEG/In-F6ziyLysfUi912PqXQeWFPFjU.jpg
39,강릉 노암동 맛집 짬뽕 한선생,http://post.phinf.naver.net/MjAxNjEyMjRfMTk4/MDAxNDgyNTQ0NjA5NjI4.bc9Qgz7JwkxhMYdHUTlHv3ELKcSFywadTGTRXffBAzQg.PZOY43a77BA42IBNIv4tPOx1NB-jIBM1w6la0nccQRwg.JPEG/IiRXEqv3mTpD0m-TAcLtdaAjbdkI.jpg
40,늦은밤 간단한 야식 추천 best5 ,http://post.phinf.naver.net/MjAxNzEwMDlfMTIw/MDAxNTA3NDkxNDUzNTI1.uZiMH27ipaANAZ8RziAHjXH4QN8VdQ6YiT0F2ZyVjSIg.WqUbSbNAq4UTT9D3esaAQ9T_IUxbUqZe3mR_4HzrY_kg.JPEG/IFdq0mDUQAeOq6jnEddqWCCnPIQ0.jpg
41,"父島생활 21일: 치킨 레몬소스 플레이트, 패션 후르츠 스무디, 비프 스튜 | 음식 갤러리 | 루리웹",http://cfile209.uf.daum.net/image/99A97F435BF57F9205E140
42,서울냉면맛집 비냉위에 꼬기가♥,http://post.phinf.naver.net/20160614_47/1465889043090OOnV2_JPEG/I4gWglUfi91z297QlRxflttknNBg.jpg
43,구리 초밥 알찬코스집!,http://post.phinf.naver.net/MjAxNzA0MjBfMTI2/MDAxNDkyNjY4ODkwMjk2.n8uT_qLHJwXZri7KkCd8zPKtXDkhYA96N1Z_w5rZMysg.5BVlIlqJTRSd20ua96MasLrFQL-5CCZ4VDcM8BAmUg0g.JPEG/IUWilKCeBxlEt-3u4wbyhE_3ZwUM.jpg
44,[드림한방병원 건강 상식] 라면의 오해와 진실,http://post.phinf.naver.net/MjAxNzA4MTdfMjY2/MDAxNTAyOTYzOTYzMTM4.SMn7jS8BV2o18PCCU8VpOEN37lafJ1euvsEqLk1nb9Mg.-BuvG5TQWJeKvlHCXgPmOigJ_c_Fs4Mzqq2b-eH96xUg.PNG/IButL0tsF-S3iGqbAdSI9I16W3gY.jpg
45,北海道먹방여행 마지막날: 진한 새우국물 라멘 えびそば一幻(에비소바 이치겐) | 음식 갤러리 | 		루리웹 北海道먹방여행 마지막날: 진한 새우국물 라멘 えびそば一幻(에비소바 이치겐) | 음식 갤러리 | 루리웹,http://cfile209.uf.daum.net/image/997092345AE5CA9A145AE0
46,대구 동성로 맛집5- 전주행,http://post.phinf.naver.net/20160722_202/1469151358977g8oF7_JPEG/IsEnWRAGVMN9hPR4DHFNwQmob-cM.jpg
47,대구 동성로 맛집5- 전주행,http://post.phinf.naver.net/20160722_270/1469151358622GLn1F_JPEG/IhqNvDNC-d64oCCNRTL1QeU1O2hg.jpg
48,"北海道먹방여행 4일: 二条市場 카이센동, 梅光軒의 콘버터 쇼유라멘(스압) | 음식 갤러리 | 		루리웹 北海道먹방여행 4일: 二条市場 카이센동, 梅光軒의 콘버터 쇼유라멘(스압) | 음식 갤러리 | 루리웹",http://cfile207.uf.daum.net/image/9905A93359E962ED171D9C
49,北海道먹방여행 7일: 하코다테 명물 럭키 피에로 & 오징어 소면 | 음식 갤러리 | 루리웹,http://cfile224.uf.daum.net/image/9935114B5A65A54E2A403D
50,대구 해물요리 끝판왕,http://post.phinf.naver.net/MjAxNzA0MjVfMTkw/MDAxNDkzMDg2ODY2MjEz.IJhP_tRoMF8L1BBNw1ABSNzyBG-P7LwEXusWQnXr7zsg.zuCzfG0mU4LIxi_fEhzap7-Kv4vcp8UyEOSHdfZB1_og.JPEG/IKTJ6yi2f7mB3x0itVlN4iCU2rUE.jpg
51,대전 가오동 맛집 육즙이 살아있네♬♪,http://post.phinf.naver.net/MjAxNzAyMDZfMjA0/MDAxNDg2Mzg0NzcyODY3.2dPGs8t5UpCqw0ppoWjYgB7EA_xrCLZFgcqWxFw_UVog.kvV1CkPtQELktTnLQ_OKLanvV34HNhBQIdp7qqLLlf8g.JPEG/INyFV5BzLCg0nYsEwZG4RAFnFZas.jpg
52,고인갓수성님 빨리 이것도 털어주셈 - 자유게시판 - 코인판,https://coinpan.com/files/attach/images/198/114/413/106/a058c665ae57910ac16db2a465cf0280.jpg
53,구시청술집 추천해요 ＃료마룸 ,http://post.phinf.naver.net/MjAxNzA4MDdfMjAg/MDAxNTAyMDcyMDA5MTYx.C9xaMcC7eeQJ7F6ck1cPzCM7aqUNGSOCWwrEdcbNltAg.ntRUssg9rBLJ23igeCbt2zTaiY7A8Uvh_rT8m4nQ_Hcg.JPEG/Ikk0tZbUDlGNN2Wor9UTDH9DiaS8.jpg
54,(감성육아) 함백산 가족여행,http://post.phinf.naver.net/MjAxNzA0MDVfMjEg/MDAxNDkxMzg0ODMxMTI4.ISAdPxxzJLR2zbZjVoXgf46Kj0B-h2yGpFuoAFF-8SYg.mDBWaDJPW_wQzTCCcs-zV5sj0I6u7RYSiRbNpeiNAocg.JPEG/IpF4FjqEfXyvms_ZpXBN-3Fr3b3s.jpg
55,"감전동중국집으로 푸짐한 해물과 얼큰한 짬뽕 ""만리장성""",http://post.phinf.naver.net/MjAxODAxMDVfMTg1/MDAxNTE1MTQwNTkyMTU1.Hi5yRbIiAgvj-C4egFKONrm75yC9T1uF4whLU3rFsVUg.GeD3lpDTZPZ0qcYcH8U8a_PJqV9BljOuzxJNkS66-tsg.JPEG/IGvgellNxcZzlNMd2Kf54LKjaVDs.jpg
56,"수지가 직접 밝힌 살찐 이유, 알고보니...",http://imgnews.naver.net/image/076/2011/02/21/2011022201001541700115621.jpg
57,살아있는 생선을 산채로 삼키는 中 남성,http://imgnews.naver.net/image/081/2018/03/06/0002897732_001_20180306110654678.jpg
